[{"pk": 1, "model": "contenttypes.contenttype", "fields": {"model": "permission", "name": "permission", "app_label": "auth"}}, {"pk": 2, "model": "contenttypes.contenttype", "fields": {"model": "group", "name": "group", "app_label": "auth"}}, {"pk": 3, "model": "contenttypes.contenttype", "fields": {"model": "user", "name": "user", "app_label": "auth"}}, {"pk": 4, "model": "contenttypes.contenttype", "fields": {"model": "contenttype", "name": "content type", "app_label": "contenttypes"}}, {"pk": 5, "model": "contenttypes.contenttype", "fields": {"model": "session", "name": "session", "app_label": "sessions"}}, {"pk": 6, "model": "contenttypes.contenttype", "fields": {"model": "site", "name": "site", "app_label": "sites"}}, {"pk": 7, "model": "contenttypes.contenttype", "fields": {"model": "categoria", "name": "categoria", "app_label": "app"}}, {"pk": 8, "model": "contenttypes.contenttype", "fields": {"model": "enlace", "name": "enlace", "app_label": "app"}}, {"pk": 9, "model": "contenttypes.contenttype", "fields": {"model": "logentry", "name": "log entry", "app_label": "admin"}}, {"pk": "zlegnxwi4p88ox0f5omma7xpih4kocwk", "model": "sessions.session", "fields": {"expire_date": "2013-09-18T19:10:05.262Z", "session_data": "NGZmZTEyNWFiZjc1M2E3Mzg4MjdiMGZjNDMzN2Q1OTU4N2ViMWJjOTqAAn1xAShVEl9hdXRoX3VzZXJfYmFja2VuZHECVSlkamFuZ28uY29udHJpYi5hdXRoLmJhY2tlbmRzLk1vZGVsQmFja2VuZHEDVQ1fYXV0aF91c2VyX2lkcQRLAXUu"}}, {"pk": 1, "model": "sites.site", "fields": {"domain": "example.com", "name": "example.com"}}, {"pk": 1, "model": "app.categoria", "fields": {"titulo": "News"}}, {"pk": 1, "model": "auth.permission", "fields": {"codename": "add_permission", "name": "Can add permission", "content_type": 1}}, {"pk": 2, "model": "auth.permission", "fields": {"codename": "change_permission", "name": "Can change permission", "content_type": 1}}, {"pk": 3, "model": "auth.permission", "fields": {"codename": "delete_permission", "name": "Can delete permission", "content_type": 1}}, {"pk": 4, "model": "auth.permission", "fields": {"codename": "add_group", "name": "Can add group", "content_type": 2}}, {"pk": 5, "model": "auth.permission", "fields": {"codename": "change_group", "name": "Can change group", "content_type": 2}}, {"pk": 6, "model": "auth.permission", "fields": {"codename": "delete_group", "name": "Can delete group", "content_type": 2}}, {"pk": 7, "model": "auth.permission", "fields": {"codename": "add_user", "name": "Can add user", "content_type": 3}}, {"pk": 8, "model": "auth.permission", "fields": {"codename": "change_user", "name": "Can change user", "content_type": 3}}, {"pk": 9, "model": "auth.permission", "fields": {"codename": "delete_user", "name": "Can delete user", "content_type": 3}}, {"pk": 10, "model": "auth.permission", "fields": {"codename": "add_contenttype", "name": "Can add content type", "content_type": 4}}, {"pk": 11, "model": "auth.permission", "fields": {"codename": "change_contenttype", "name": "Can change content type", "content_type": 4}}, {"pk": 12, "model": "auth.permission", "fields": {"codename": "delete_contenttype", "name": "Can delete content type", "content_type": 4}}, {"pk": 13, "model": "auth.permission", "fields": {"codename": "add_session", "name": "Can add session", "content_type": 5}}, {"pk": 14, "model": "auth.permission", "fields": {"codename": "change_session", "name": "Can change session", "content_type": 5}}, {"pk": 15, "model": "auth.permission", "fields": {"codename": "delete_session", "name": "Can delete session", "content_type": 5}}, {"pk": 16, "model": "auth.permission", "fields": {"codename": "add_site", "name": "Can add site", "content_type": 6}}, {"pk": 17, "model": "auth.permission", "fields": {"codename": "change_site", "name": "Can change site", "content_type": 6}}, {"pk": 18, "model": "auth.permission", "fields": {"codename": "delete_site", "name": "Can delete site", "content_type": 6}}, {"pk": 19, "model": "auth.permission", "fields": {"codename": "add_categoria", "name": "Can add categoria", "content_type": 7}}, {"pk": 20, "model": "auth.permission", "fields": {"codename": "change_categoria", "name": "Can change categoria", "content_type": 7}}, {"pk": 21, "model": "auth.permission", "fields": {"codename": "delete_categoria", "name": "Can delete categoria", "content_type": 7}}, {"pk": 22, "model": "auth.permission", "fields": {"codename": "add_enlace", "name": "Can add enlace", "content_type": 8}}, {"pk": 23, "model": "auth.permission", "fields": {"codename": "change_enlace", "name": "Can change enlace", "content_type": 8}}, {"pk": 24, "model": "auth.permission", "fields": {"codename": "delete_enlace", "name": "Can delete enlace", "content_type": 8}}, {"pk": 25, "model": "auth.permission", "fields": {"codename": "add_logentry", "name": "Can add log entry", "content_type": 9}}, {"pk": 26, "model": "auth.permission", "fields": {"codename": "change_logentry", "name": "Can change log entry", "content_type": 9}}, {"pk": 27, "model": "auth.permission", "fields": {"codename": "delete_logentry", "name": "Can delete log entry", "content_type": 9}}, {"pk": 1, "model": "auth.user", "fields": {"username": "ajamaica", "first_name": "", "last_name": "", "is_active": true, "is_superuser": true, "is_staff": true, "last_login": "2013-09-04T19:10:05.257Z", "groups": [], "user_permissions": [], "password": "pbkdf2_sha256$10000$h8AeER7jHhfp$8ewdQ+WNHGiR9Jv2b9vwQM4o64TQ2bdylG/L7x3dQSU=", "email": "me@arturokja.com", "date_joined": "2013-09-04T19:05:46.279Z"}}, {"pk": 1, "model": "app.enlace", "fields": {"categoria": 1, "usuario": 1, "timestamp": "2013-09-04T19:08:05.923Z", "votos": 2, "enlace": "https://news.ycombinator.com/", "titulo": "Hacker News"}}, {"pk": 1, "model": "admin.logentry", "fields": {"action_flag": 1, "action_time": "2013-09-04T19:07:53.306Z", "object_repr": "News", "object_id": "1", "change_message": "", "user": 1, "content_type": 7}}]