[
	{
		"id"    : "ba022fda-dcc2-4131-ab57-c08643b74b5a",
		"title" : "Cumbilem walking",
		"image" : "img/img4.jpg",
		"user"  : "Carlos Jiménez",
		"tag"   : "corpora",
		"votes" : "345"
	},
	{
		"id"    : "567ca30e-70ec-4751-88e7-62dcee962c39",
		"title" : "Shaun ofthe dead scythe",
		"image" : "img/img3.jpg",
		"user"  : "Carlos Jiménez",
		"tag"   : "corpora",
		"votes" : "345"		
	},
	{
		"id"    : "3fe702b3-0689-4515-a0a7-2832a0223b43",
		"title" : "Alii missing oculis aliorum",
		"image" : "img/img2.jpg",
		"user"  : "Carlos Jiménez",
		"tag"   : "corpora",
		"votes" : "345"		
	},
	{
		"id"    : "e5653322-2fc6-4a03-abba-5662aee3a850",
		"title" : "Animated corpses ipsa",
		"image" : "img/img1.jpg",
		"user"  : "Carlos Jiménez",
		"tag"   : "corpora",
		"votes" : "345"				
	},
	{
		"id"    : "689dc1eb-06f9-4c4d-8bfa-7031831996c9",
		"title" : "Brains Undead zombies",
		"image" : "img/img4.jpg",
		"user"  : "Carlos Jiménez",
		"tag"   : "corpora",
		"votes" : "345"						
	},
	{
		"id"    : "7317a1e4-4e96-4af2-8a44-3aa8294bd5b3",
		"title" : "Ficedens walking deadsentio",
		"image" : "img/img3.jpg",
		"user"  : "Carlos Jiménez",
		"tag"   : "corpora",
		"votes" : "345"		
	},
	{
		"id"    : "3edcf7a4-368b-4193-9c54-57c7d9a3832a",
		"title" : "The epidemic signi",
		"image" : "img/img2.jpg",
		"user"  : "Carlos Jiménez",
		"tag"   : "corpora",
		"votes" : "345"			
	}
]