{"artist":{"name":"Arctic Monkeys","mbid":"ada7a83c-e3e1-40f1-93f9-3e73dbc9298a","bandmembers":{"member":[{"name":"Alex Turner","yearfrom":"2002"},{"name":"Jamie Cook","yearfrom":"2002"},{"name":"Nick O'Malley","yearfrom":"2006"},{"name":"Matt Helders","yearfrom":"2002"},{"name":"Andy Nicholson","yearfrom":"2002","yearto":"2006"}]},"url":"http:\/\/www.last.fm\/music\/Arctic+Monkeys","image":[{"#text":"http:\/\/userserve-ak.last.fm\/serve\/34\/91338031.png","size":"small"},{"#text":"http:\/\/userserve-ak.last.fm\/serve\/64\/91338031.png","size":"medium"},{"#text":"http:\/\/userserve-ak.last.fm\/serve\/126\/91338031.png","size":"large"},{"#text":"http:\/\/userserve-ak.last.fm\/serve\/252\/91338031.png","size":"extralarge"},{"#text":"http:\/\/userserve-ak.last.fm\/serve\/500\/91338031\/Arctic+Monkeys+2013+PNG.png","size":"mega"}],"streamable":"1","ontour":"1","stats":{"listeners":"2695473","playcount":"197457636"},"similar":{"artist":[{"name":"The Last Shadow Puppets","url":"http:\/\/www.last.fm\/music\/The+Last+Shadow+Puppets","image":[{"#text":"http:\/\/userserve-ak.last.fm\/serve\/34\/23785519.jpg","size":"small"},{"#text":"http:\/\/userserve-ak.last.fm\/serve\/64\/23785519.jpg","size":"medium"},{"#text":"http:\/\/userserve-ak.last.fm\/serve\/126\/23785519.jpg","size":"large"},{"#text":"http:\/\/userserve-ak.last.fm\/serve\/252\/23785519.jpg","size":"extralarge"},{"#text":"http:\/\/userserve-ak.last.fm\/serve\/500\/23785519\/The+Last+Shadow+Puppets+d5ea2a61f19c774a9645888468cb74.jpg","size":"mega"}]},{"name":"Alex Turner","url":"http:\/\/www.last.fm\/music\/Alex+Turner","image":[{"#text":"http:\/\/userserve-ak.last.fm\/serve\/34\/72132250.png","size":"small"},{"#text":"http:\/\/userserve-ak.last.fm\/serve\/64\/72132250.png","size":"medium"},{"#text":"http:\/\/userserve-ak.last.fm\/serve\/126\/72132250.png","size":"large"},{"#text":"http:\/\/userserve-ak.last.fm\/serve\/252\/72132250.png","size":"extralarge"},{"#text":"http:\/\/userserve-ak.last.fm\/serve\/_\/72132250\/Alex+Turner+PNG.png","size":"mega"}]},{"name":"Miles Kane","url":"http:\/\/www.last.fm\/music\/Miles+Kane","image":[{"#text":"http:\/\/userserve-ak.last.fm\/serve\/34\/26688365.jpg","size":"small"},{"#text":"http:\/\/userserve-ak.last.fm\/serve\/64\/26688365.jpg","size":"medium"},{"#text":"http:\/\/userserve-ak.last.fm\/serve\/126\/26688365.jpg","size":"large"},{"#text":"http:\/\/userserve-ak.last.fm\/serve\/252\/26688365.jpg","size":"extralarge"},{"#text":"http:\/\/userserve-ak.last.fm\/serve\/_\/26688365\/Miles+Kane+3364658265_a8b595bf12_o.jpg","size":"mega"}]},{"name":"The Strokes","url":"http:\/\/www.last.fm\/music\/The+Strokes","image":[{"#text":"http:\/\/userserve-ak.last.fm\/serve\/34\/87610017.png","size":"small"},{"#text":"http:\/\/userserve-ak.last.fm\/serve\/64\/87610017.png","size":"medium"},{"#text":"http:\/\/userserve-ak.last.fm\/serve\/126\/87610017.png","size":"large"},{"#text":"http:\/\/userserve-ak.last.fm\/serve\/252\/87610017.png","size":"extralarge"},{"#text":"http:\/\/userserve-ak.last.fm\/serve\/_\/87610017\/The+Strokes+2+1.png","size":"mega"}]},{"name":"Franz Ferdinand","url":"http:\/\/www.last.fm\/music\/Franz+Ferdinand","image":[{"#text":"http:\/\/userserve-ak.last.fm\/serve\/34\/405294.jpg","size":"small"},{"#text":"http:\/\/userserve-ak.last.fm\/serve\/64\/405294.jpg","size":"medium"},{"#text":"http:\/\/userserve-ak.last.fm\/serve\/126\/405294.jpg","size":"large"},{"#text":"http:\/\/userserve-ak.last.fm\/serve\/252\/405294.jpg","size":"extralarge"},{"#text":"http:\/\/userserve-ak.last.fm\/serve\/500\/405294\/Franz+Ferdinand.jpg","size":"mega"}]}]},"tags":{"tag":[{"name":"indie rock","url":"http:\/\/www.last.fm\/tag\/indie%20rock"},{"name":"indie","url":"http:\/\/www.last.fm\/tag\/indie"},{"name":"british","url":"http:\/\/www.last.fm\/tag\/british"},{"name":"rock","url":"http:\/\/www.last.fm\/tag\/rock"},{"name":"alternative","url":"http:\/\/www.last.fm\/tag\/alternative"}]},"bio":{"links":{"link":{"#text":"","rel":"original","href":"http:\/\/www.last.fm\/music\/Arctic+Monkeys\/+wiki"}},"published":"Fri, 5 Jul 2013 08:07:30 +0000","summary":"\n                Arctic Monkeys are an <a href=\"http:\/\/www.last.fm\/tag\/indie%20rock\" class=\"bbcode_tag\" rel=\"tag\">indie rock<\/a> band formed in Sheffield, South Yorkshire, England in 2002 after meeting at Stocksbridge High School. The band consists of <a href=\"http:\/\/www.last.fm\/music\/Alex+Turner\" class=\"bbcode_artist\">Alex Turner<\/a> (vocals, guitar), <a href=\"http:\/\/www.last.fm\/music\/Jamie+Cook\" class=\"bbcode_artist\">Jamie Cook<\/a> (guitar), <a href=\"http:\/\/www.last.fm\/music\/Nick+O%27Malley\" class=\"bbcode_artist\">Nick O'Malley<\/a> (bass) and <a href=\"http:\/\/www.last.fm\/music\/Matt+Helders\" class=\"bbcode_artist\">Matt Helders<\/a> (drums, vocals). Founding bassist <a href=\"http:\/\/www.last.fm\/music\/Andy+Nicholson\" class=\"bbcode_artist\">Andy Nicholson<\/a> left in 2006.  The band has released four studio albums, &quot;Whatever People Say I Am, That's What I'm Not&quot; (2006), &quot;Favourite Worst Nightmare&quot; (2007), &quot;Humbug&quot; (2009) and &quot;Suck It and See&quot; (2011), all of which debuted at #1 on the UK Albums Chart. Their fifth, &quot;AM&quot;, will be released on 9 September 2013. \n\n        <a href=\"http:\/\/www.last.fm\/music\/Arctic+Monkeys\">Read more about Arctic Monkeys on Last.fm<\/a>.\n    \n    ","content":"\n                    Arctic Monkeys are an <a href=\"http:\/\/www.last.fm\/tag\/indie%20rock\" class=\"bbcode_tag\" rel=\"tag\">indie rock<\/a> band formed in Sheffield, South Yorkshire, England in 2002 after meeting at Stocksbridge High School. The band consists of <a href=\"http:\/\/www.last.fm\/music\/Alex+Turner\" class=\"bbcode_artist\">Alex Turner<\/a> (vocals, guitar), <a href=\"http:\/\/www.last.fm\/music\/Jamie+Cook\" class=\"bbcode_artist\">Jamie Cook<\/a> (guitar), <a href=\"http:\/\/www.last.fm\/music\/Nick+O%27Malley\" class=\"bbcode_artist\">Nick O'Malley<\/a> (bass) and <a href=\"http:\/\/www.last.fm\/music\/Matt+Helders\" class=\"bbcode_artist\">Matt Helders<\/a> (drums, vocals). Founding bassist <a href=\"http:\/\/www.last.fm\/music\/Andy+Nicholson\" class=\"bbcode_artist\">Andy Nicholson<\/a> left in 2006.  The band has released four studio albums, &quot;Whatever People Say I Am, That's What I'm Not&quot; (2006), &quot;Favourite Worst Nightmare&quot; (2007), &quot;Humbug&quot; (2009) and &quot;Suck It and See&quot; (2011), all of which debuted at #1 on the UK Albums Chart. Their fifth, &quot;AM&quot;, will be released on 9 September 2013. \n\n        <a href=\"http:\/\/www.last.fm\/music\/Arctic+Monkeys\">Read more about Arctic Monkeys on Last.fm<\/a>.\n    \n    \nUser-contributed text is available under the Creative Commons By-SA License and may also be available under the GNU FDL.\n    ","placeformed":"Sheffield, South Yorkshire, England","yearformed":"2002","formationlist":{"formation":{"yearfrom":"2002","yearto":""}}}}}
